{
  "intrinsic": [
    [
      640.0000000000001,
      0.0,
      640.0
    ],
    [
      0.0,
      640.0000000000001,
      360.0
    ],
    [
      0.0,
      0.0,
      1.0
    ]
  ],
  "extrinsic": [
    [
      0.0027786020655184984,
      0.9999961256980896,
      0.0,
      -64.64318084716797
    ],
    [
      -0.9999961256980896,
      0.0027786020655184984,
      0.0,
      23.87101173400879
    ],
    [
      0.0,
      -0.0,
      1.0,
      1.5018393993377686
    ],
    [
      0.0,
      0.0,
      0.0,
      1.0
    ]
  ]
}