{
  "intrinsic": [
    [
      640.0000000000001,
      0.0,
      640.0
    ],
    [
      0.0,
      640.0000000000001,
      360.0
    ],
    [
      0.0,
      0.0,
      1.0
    ]
  ],
  "extrinsic": [
    [
      0.9999961256980896,
      -0.002778524998575449,
      -0.0,
      -63.04484558105469
    ],
    [
      0.002778524998575449,
      0.9999961256980896,
      0.0,
      24.47545623779297
    ],
    [
      0.0,
      -0.0,
      1.0,
      1.5018393993377686
    ],
    [
      0.0,
      0.0,
      0.0,
      1.0
    ]
  ]
}