{
  "intrinsic": [
    [
      640.0000000000001,
      0.0,
      640.0
    ],
    [
      0.0,
      640.0000000000001,
      360.0
    ],
    [
      0.0,
      0.0,
      1.0
    ]
  ],
  "extrinsic": [
    [
      -0.0027783317491412163,
      -0.9999961256980896,
      0.0,
      -64.6465072631836
    ],
    [
      0.9999961256980896,
      -0.0027783317491412163,
      -0.0,
      25.071008682250977
    ],
    [
      0.0,
      -0.0,
      1.0,
      1.5018393993377686
    ],
    [
      0.0,
      0.0,
      0.0,
      1.0
    ]
  ]
}