{
  "intrinsic": [
    [
      640.0000000000001,
      0.0,
      640.0
    ],
    [
      0.0,
      640.0000000000001,
      360.0
    ],
    [
      0.0,
      0.0,
      1.0
    ]
  ],
  "extrinsic": [
    [
      -0.9999961256980896,
      0.0027786775026470423,
      0.0,
      -66.14483642578125
    ],
    [
      -0.0027786775026470423,
      -0.9999961256980896,
      0.0,
      24.466842651367188
    ],
    [
      0.0,
      -0.0,
      1.0,
      1.5018393993377686
    ],
    [
      0.0,
      0.0,
      0.0,
      1.0
    ]
  ]
}