{
  "intrinsic": [
    [
      640.0000000000001,
      0.0,
      640.0
    ],
    [
      0.0,
      640.0000000000001,
      360.0
    ],
    [
      0.0,
      0.0,
      1.0
    ]
  ],
  "extrinsic": [
    [
      0.7051392197608948,
      -0.7090688943862915,
      -0.0,
      -63.2459602355957
    ],
    [
      0.7090688943862915,
      0.7051392197608948,
      0.0,
      24.87489891052246
    ],
    [
      0.0,
      -0.0,
      1.0,
      1.5018393993377686
    ],
    [
      0.0,
      0.0,
      0.0,
      1.0
    ]
  ]
}